Count,Questions
1.0,Is a gig economy good for us in general?
1.01,Is it possible to make a decent living in today's gig economy
1.02,Do you think the gig economy is a good or bad thing
1.03,Is the gig economy good for working professionals
1.04,Is working in the gig economy worth it
1.05,How reliable are gig economy jobs
1.06,What makes gig economy so horrible
2.0,What type of jobs are included in the term gig economy?
2.01,What are the advantages of a gig economy
2.02,Is the gig economy going to become the new normal
2.03,How reliable are gig economy jobs
2.04,What will be the best job opportunities created in a gig economy
2.05,"What is better, participating in the gig economy or having a 9 to 5 job with benefits"
2.06,"What ""job"" in the gig economy is worth it"
3.0,Can people earn a real living off of “gig economy” jobs?
3.01,What makes gig economy so horrible
3.02,Why is the number of Gig Worker increasing
3.03,How reliable are gig economy jobs
3.04,Can you make a living with just gig-economy apps
3.05,Can you become wealthy from the GIG economy
3.06,What will be the best job opportunities created in a gig economy
4.0,What is the meaning of a gig economy job?
4.01,What are the best gig economy jobs
4.02,What are the pros and cons of gig economy
4.03,What type of jobs are included in the term gig economy
4.04,Is the gig economy going to become the new normal
4.05,How reliable are gig economy jobs
4.06,What is a gig economy
5.0,What opportunities are in the gig economy?
5.01,What will be the best job opportunities created in a gig economy
5.02,What is the future of gig economy
5.03,What are the best gig economy jobs
5.04,What are the downsides to working in the gig economy
5.05,"What started the ""gig economy"""
5.06,What are the pros and cons of gig economy
6.0,How important is the rise of GIG economy?
6.01,What are the pros and cons of gig economy
6.02,Is the gig economy going to become the new normal
6.03,What are the advantages of a gig economy
6.04,Is the gig economy growing
6.05,How reliable are gig economy jobs
6.06,Why do top companies choose a gig economy for their work
7.0,What are the pros and cons of gig economy?
7.01,What are the benefits of gig economy workers
7.02,What is a gig economy
7.03,What makes gig economy so horrible
7.04,Can people earn a real living off of “gig economy” jobs
7.05,How important is the rise of GIG economy
7.06,What is the disadvantage of gig economy for customer
8.0,What is a gig employee?
8.01,What do you mean by 'gig worker'
8.02,Are gig workers employees
8.03,"Are gig workers contractors, employees or other"
8.04,What is a gig job
8.05,What is an example of a gig worker
8.06,What is a gig company
9.0,What are the best gig economy jobs?
9.01,What opportunities are in the gig economy
9.02,What's the best bank for gig economy jobs
9.03,What are the pros and cons of gig economy
9.04,What is a gig job
9.05,What will be the best job opportunities created in a gig economy
9.06,How reliable are gig economy jobs
10.0,How can workers thrive in the gig economy?
10.01,Is gig economy a threat to permanent employment and experienced professionals
10.02,What is a gig economy
10.03,Can people earn a real living off of “gig economy” jobs
10.04,Do you live by the gig economy and how successful have you been
10.05,How can you apply the gig economy to yourself
10.06,What are the benefits of gig economy workers
